feature,importance
driver_id,0.23789438972896967
grid_position,0.2154779854437128
humidity,0.15035878614861323
temperature,0.15031092457218012
track_temperature,0.14892995890015426
pit_stops,0.09702795520636996
