feature,importance
driver_id,0.2462721376518911
grid_position,0.23210811637469234
humidity,0.1456813686751702
track_temperature,0.13227705829167127
temperature,0.1312409793449027
pit_stops,0.11242033966167246
